[{"id":"user-image-dbaf5625a6f213ae967caebb948958ec2a4ee288cc6f4a59d566913c3a08bde506e52d7fbac035e0e62d7c4888ba2210ee35e6d6253539f11fcc33_1280.jpg","publicUrl":"np://user.desktop.nicepage.com/Site_32482020/images/dbaf5625a6f213ae967caebb948958ec2a4ee288cc6f4a59d566913c3a08bde506e52d7fbac035e0e62d7c4888ba2210ee35e6d6253539f11fcc33_1280.jpg","size":128066,"hash":"WnD+Y3erg/auPi251mIW/SVyknc=","fileName":"dbaf5625a6f213ae967caebb948958ec2a4ee288cc6f4a59d566913c3a08bde506e52d7fbac035e0e62d7c4888ba2210ee35e6d6253539f11fcc33_1280.jpg","name":"dbaf5625a6f213ae967caebb948958ec2a4ee288cc6f4a59d566913c3a08bde506e52d7fbac035e0e62d7c4888ba2210ee35e6d6253539f11fcc33_1280","width":1280,"height":854,"thumbnail":{"url":"np://user.desktop.nicepage.com/Site_32482020/images/thumbnails/dbaf5625a6f213ae967caebb948958ec2a4ee288cc6f4a59d566913c3a08bde506e52d7fbac035e0e62d7c4888ba2210ee35e6d6253539f11fcc33_1280.jpg","width":250,"height":167},"folderId":null,"usages":["213794425"]},{"id":"user-image-2023-12-300420371.png","publicUrl":"np://user.desktop.nicepage.com/Site_32482020/images/2023-12-300420371.png","size":56463,"hash":"Dyue3jCDFoS/dtIMdX9myvhQhBY=","fileName":"2023-12-300420371.png","name":"2023-12-300420371","width":227,"height":227,"thumbnail":{"url":"np://user.desktop.nicepage.com/Site_32482020/images/thumbnails/2023-12-300420371.png","width":227,"height":227,"length":56463,"type":"png"},"folderId":null,"usages":["213794425"]},{"id":"user-image-R.png","publicUrl":"np://user.desktop.nicepage.com/Site_32482020/images/R.png","size":406329,"hash":"UBxAIhLfq4OCnG7pv+ygiYgOE88=","fileName":"R.png","name":"R","width":862,"height":862,"thumbnail":{"url":"np://user.desktop.nicepage.com/Site_32482020/images/thumbnails/R.png","width":250,"height":250},"folderId":null,"usages":["213794425"]},{"id":"user-image-831299.png","publicUrl":"np://user.desktop.nicepage.com/Site_32482020/images/831299.png","size":6210,"hash":"1IFvY8daujc158IHbqLbjhIcxJc=","fileName":"831299.png","name":"831299","width":128,"height":128,"thumbnail":{"url":"np://user.desktop.nicepage.com/Site_32482020/images/thumbnails/831299.png","width":128,"height":128,"length":6210,"type":"png"},"folderId":null,"usages":["213794425"]},{"id":"user-image-OIP.png","publicUrl":"np://user.desktop.nicepage.com/Site_32482020/images/OIP.png","size":109436,"hash":"TG/vdahf5R0uig5XdsJL5DdSbgo=","fileName":"OIP.png","name":"OIP","width":400,"height":400,"thumbnail":{"url":"np://user.desktop.nicepage.com/Site_32482020/images/thumbnails/OIP.png","width":250,"height":250},"folderId":null,"usages":["213794425"]},{"id":"user-image-image.jpg","publicUrl":"np://user.desktop.nicepage.com/Site_32482020/images/image.jpg","size":19514,"hash":"WOqIjk37BC6kVG0PeM/4EnXxQTM=","fileName":"image.jpg","name":"image","width":300,"height":300,"thumbnail":{"url":"np://user.desktop.nicepage.com/Site_32482020/images/thumbnails/image.jpg","width":250,"height":250},"folderId":null,"usages":["213794425"]},{"id":"user-image-1E40165F-9127-4DEE-BD0C-DF7D2CBF372E.jpg","publicUrl":"np://user.desktop.nicepage.com/Site_32482020/images/1E40165F-9127-4DEE-BD0C-DF7D2CBF372E.jpg","size":2332530,"hash":"XacWQh52LrVOS8f9fhjGlXRxBqE=","fileName":"1E40165F-9127-4DEE-BD0C-DF7D2CBF372E.jpg","name":"1E40165F-9127-4DEE-BD0C-DF7D2CBF372E","width":4032,"height":3024,"thumbnail":{"url":"np://user.desktop.nicepage.com/Site_32482020/images/thumbnails/1E40165F-9127-4DEE-BD0C-DF7D2CBF372E.jpg","width":250,"height":188},"folderId":null,"usages":["894823099"]},{"id":"user-image-3670089.png","publicUrl":"np://user.desktop.nicepage.com/Site_32482020/images/3670089.png","size":5392,"hash":"NbiZt2MA6fGnt5L7XvTnM5j23Y0=","fileName":"3670089.png","name":"3670089","width":128,"height":128,"thumbnail":{"url":"np://user.desktop.nicepage.com/Site_32482020/images/thumbnails/3670089.png","width":128,"height":128,"length":5392,"type":"png"},"folderId":null,"usages":[]},{"id":"user-image-11221.jpg","publicUrl":"np://user.desktop.nicepage.com/Site_32482020/images/11221.jpg","size":2360328,"hash":"k0Kk1HgltFIsvfgzECe0tJAp3Rk=","fileName":"11221.jpg","name":"11221","width":4032,"height":2268,"thumbnail":{"url":"np://user.desktop.nicepage.com/Site_32482020/images/thumbnails/11221.jpg","width":250,"height":141},"folderId":null,"usages":["2625520583"]},{"id":"user-image-2023-12-30031538.png","publicUrl":"np://user.desktop.nicepage.com/Site_32482020/images/2023-12-30031538.png","size":30749,"hash":"/y23z4yssuDSEOaZiHzqAOd6Fjo=","fileName":"2023-12-30031538.png","name":"2023-12-30031538","width":206,"height":186,"thumbnail":{"url":"np://user.desktop.nicepage.com/Site_32482020/images/thumbnails/2023-12-30031538.png","width":206,"height":186,"length":30749,"type":"png"},"folderId":null,"usages":["496118172","2625520583","93951"]},{"id":"user-image-TPC_5f6081b470c342e0a4532b0d1448b63e11703216727908590675.png","publicUrl":"np://user.desktop.nicepage.com/Site_32482020/images/TPC_5f6081b470c342e0a4532b0d1448b63e11703216727908590675.png","size":52882,"hash":"I40VH5HQqZH5y7OYTgVzISCc6rY=","fileName":"TPC_5f6081b470c342e0a4532b0d1448b63e11703216727908590675.png","name":"TPC_5f6081b470c342e0a4532b0d1448b63e11703216727908590675","width":500,"height":420,"thumbnail":{"url":"np://user.desktop.nicepage.com/Site_32482020/images/thumbnails/TPC_5f6081b470c342e0a4532b0d1448b63e11703216727908590675.png","width":250,"height":210},"folderId":null,"usages":["2625520583","27463454","93951"]},{"id":"user-image-819bcfd2b72108f4a4faf792cc4e09e6c7adecbc5028889bd9f93d21b28a1426ac38953677516fdce5cd1a636b01d3d0b1b498bc647eada0b8adad_1280.jpg","publicUrl":"np://user.desktop.nicepage.com/Site_32482020/images/819bcfd2b72108f4a4faf792cc4e09e6c7adecbc5028889bd9f93d21b28a1426ac38953677516fdce5cd1a636b01d3d0b1b498bc647eada0b8adad_1280.jpg","size":176707,"hash":"egeE/0pXiaHLwCKJMKffFGhWCmY=","fileName":"819bcfd2b72108f4a4faf792cc4e09e6c7adecbc5028889bd9f93d21b28a1426ac38953677516fdce5cd1a636b01d3d0b1b498bc647eada0b8adad_1280.jpg","name":"819bcfd2b72108f4a4faf792cc4e09e6c7adecbc5028889bd9f93d21b28a1426ac38953677516fdce5cd1a636b01d3d0b1b498bc647eada0b8adad_1280","width":1280,"height":853,"thumbnail":{"url":"np://user.desktop.nicepage.com/Site_32482020/images/thumbnails/819bcfd2b72108f4a4faf792cc4e09e6c7adecbc5028889bd9f93d21b28a1426ac38953677516fdce5cd1a636b01d3d0b1b498bc647eada0b8adad_1280.jpg","width":250,"height":167},"folderId":null,"usages":["77655005"]},{"id":"user-image-DALLE_2023-12-13_17.43.09_-_In_a_corporate_office_with_a_warm_coffee-toned_color_scheme_a_group_of_young_Asian_students_is_engaging_with_an_older_Asian_business_mentor._The_off.png","publicUrl":"np://user.desktop.nicepage.com/Site_32482020/images/DALLE_2023-12-13_17.43.09_-_In_a_corporate_office_with_a_warm_coffee-toned_color_scheme_a_group_of_young_Asian_students_is_engaging_with_an_older_Asian_business_mentor._The_off.png","size":2601311,"hash":"jM5vbfSy4Map0GWaOWHnIUduI+I=","fileName":"DALLE_2023-12-13_17.43.09_-_In_a_corporate_office_with_a_warm_coffee-toned_color_scheme_a_group_of_young_Asian_students_is_engaging_with_an_older_Asian_business_mentor._The_off.png","name":"DALLE_2023-12-13_17.43.09_-_In_a_corporate_office_with_a_warm_coffee-toned_color_scheme_a_group_of_young_Asian_students_is_engaging_with_an_older_Asian_business_mentor._The_off","width":1792,"height":1024,"thumbnail":{"url":"np://user.desktop.nicepage.com/Site_32482020/images/thumbnails/DALLE_2023-12-13_17.43.09_-_In_a_corporate_office_with_a_warm_coffee-toned_color_scheme_a_group_of_young_Asian_students_is_engaging_with_an_older_Asian_business_mentor._The_off.png","width":250,"height":143},"folderId":null,"usages":["77655005"]},{"id":"user-image-DALLE_2023-12-13_14.35.38_-_A_group_of_Asian_students_and_an_Asian_business_mentor_in_a_modern_corporate_office_discussing_a_project._The_office_is_designed_with_large_windows_.png","publicUrl":"np://user.desktop.nicepage.com/Site_32482020/images/DALLE_2023-12-13_14.35.38_-_A_group_of_Asian_students_and_an_Asian_business_mentor_in_a_modern_corporate_office_discussing_a_project._The_office_is_designed_with_large_windows_.png","size":2343318,"hash":"GmJiqTLph0JzD+Kh7vBiA/m1Yac=","fileName":"DALLE_2023-12-13_14.35.38_-_A_group_of_Asian_students_and_an_Asian_business_mentor_in_a_modern_corporate_office_discussing_a_project._The_office_is_designed_with_large_windows_.png","name":"DALLE_2023-12-13_14.35.38_-_A_group_of_Asian_students_and_an_Asian_business_mentor_in_a_modern_corporate_office_discussing_a_project._The_office_is_designed_with_large_windows_","width":1792,"height":1024,"thumbnail":{"url":"np://user.desktop.nicepage.com/Site_32482020/images/thumbnails/DALLE_2023-12-13_14.35.38_-_A_group_of_Asian_students_and_an_Asian_business_mentor_in_a_modern_corporate_office_discussing_a_project._The_office_is_designed_with_large_windows_.png","width":250,"height":143},"folderId":null,"usages":["77655005"]},{"id":"user-image-3.jpg","publicUrl":"np://user.desktop.nicepage.com/Site_32482020/images/3.jpg","size":103983,"hash":"wOZk5c1QvaVqPetR5+kuNu5Uczg=","fileName":"3.jpg","name":"3","width":598,"height":598,"thumbnail":{"url":"np://user.desktop.nicepage.com/Site_32482020/images/thumbnails/3.jpg","width":250,"height":250},"folderId":null,"originalUrl":"//images02.nicepagecdn.com/c461c07a441a5d220e8feb1a/ebe810d3c12f5550b0cf6ac7/3.jpg","usages":["894823099"]},{"id":"user-image-woman4.jpg","publicUrl":"np://user.desktop.nicepage.com/Site_32482020/images/woman4.jpg","size":32528,"hash":"WilZ8AIc4DC3/R5sCwoRpLs+w9c=","fileName":"woman4.jpg","name":"woman4","width":626,"height":417,"thumbnail":{"url":"np://user.desktop.nicepage.com/Site_32482020/images/thumbnails/woman4.jpg","width":250,"height":167},"folderId":null,"originalUrl":"https://assets.nicepagecdn.com/d2cc3eaa/518898/images/woman4.jpg","usages":["894823099"]},{"id":"user-image-0b32e1fa-df03-3333-0282-3c4069b3e47d.jpg","publicUrl":"np://user.desktop.nicepage.com/Site_32482020/images/0b32e1fa-df03-3333-0282-3c4069b3e47d.jpg","size":81098,"hash":"JFpFd+Tc6O8T+efST+txz+IVU+4=","fileName":"0b32e1fa-df03-3333-0282-3c4069b3e47d.jpg","name":"0b32e1fa-df03-3333-0282-3c4069b3e47d","width":598,"height":598,"thumbnail":{"url":"np://user.desktop.nicepage.com/Site_32482020/images/thumbnails/0b32e1fa-df03-3333-0282-3c4069b3e47d.jpg","width":250,"height":250},"folderId":null,"originalUrl":"//images02.nicepagecdn.com/c461c07a441a5d220e8feb1a/6d9f8735a63c598ba23f0ec0/0b32e1fa-df03-3333-0282-3c4069b3e47d.jpg","usages":["894823099"]},{"id":"user-image-f1d3dcba5acc50863983193e225547ab7ece408cf93f93a77a9b3a6d96808d079fcf61418c179f5a9d25443f8f2800ce1721a6fa11491d1280fb38_1280.jpg","publicUrl":"np://user.desktop.nicepage.com/Site_32482020/images/f1d3dcba5acc50863983193e225547ab7ece408cf93f93a77a9b3a6d96808d079fcf61418c179f5a9d25443f8f2800ce1721a6fa11491d1280fb38_1280.jpg","size":232246,"hash":"rr+37qyc9YGwsDeVTHSoGLMdIyg=","fileName":"f1d3dcba5acc50863983193e225547ab7ece408cf93f93a77a9b3a6d96808d079fcf61418c179f5a9d25443f8f2800ce1721a6fa11491d1280fb38_1280.jpg","name":"f1d3dcba5acc50863983193e225547ab7ece408cf93f93a77a9b3a6d96808d079fcf61418c179f5a9d25443f8f2800ce1721a6fa11491d1280fb38_1280","width":1280,"height":853,"thumbnail":{"url":"np://user.desktop.nicepage.com/Site_32482020/images/thumbnails/f1d3dcba5acc50863983193e225547ab7ece408cf93f93a77a9b3a6d96808d079fcf61418c179f5a9d25443f8f2800ce1721a6fa11491d1280fb38_1280.jpg","width":250,"height":167},"folderId":null,"usages":["11735647"]},{"id":"user-image-11281.jpg","publicUrl":"np://user.desktop.nicepage.com/Site_32482020/images/11281.jpg","size":494665,"hash":"PsjQbZ++IdLKSkjeCU8TyWY//fg=","fileName":"11281.jpg","name":"11281","width":1479,"height":1109,"thumbnail":{"url":"np://user.desktop.nicepage.com/Site_32482020/images/thumbnails/11281.jpg","width":250,"height":187},"folderId":null,"usages":["2310316634"]},{"id":"user-image-ecbbac459a08afd82309a1c5b3bdd2d8c486a5bbf3f968c142b5735924bc9f2d16b0ed4cde707554498b1a0b42bfcbf12c270415f7c1897dc33833_1280.png","publicUrl":"np://user.desktop.nicepage.com/Site_32482020/images/ecbbac459a08afd82309a1c5b3bdd2d8c486a5bbf3f968c142b5735924bc9f2d16b0ed4cde707554498b1a0b42bfcbf12c270415f7c1897dc33833_1280.png","size":302840,"hash":"9/JxY7spyXif5X8xbohQve5hFkQ=","fileName":"ecbbac459a08afd82309a1c5b3bdd2d8c486a5bbf3f968c142b5735924bc9f2d16b0ed4cde707554498b1a0b42bfcbf12c270415f7c1897dc33833_1280.png","name":"ecbbac459a08afd82309a1c5b3bdd2d8c486a5bbf3f968c142b5735924bc9f2d16b0ed4cde707554498b1a0b42bfcbf12c270415f7c1897dc33833_1280","width":1280,"height":853,"thumbnail":{"url":"np://user.desktop.nicepage.com/Site_32482020/images/thumbnails/ecbbac459a08afd82309a1c5b3bdd2d8c486a5bbf3f968c142b5735924bc9f2d16b0ed4cde707554498b1a0b42bfcbf12c270415f7c1897dc33833_1280.png","width":250,"height":167},"folderId":null,"usages":["2301003703"]},{"id":"user-image-2942169.png","publicUrl":"np://user.desktop.nicepage.com/Site_32482020/images/2942169.png","size":4684,"hash":"djtxE/mDO3jeO7dNpv4C0IOuOcQ=","fileName":"2942169.png","name":"2942169","width":128,"height":128,"thumbnail":{"url":"np://user.desktop.nicepage.com/Site_32482020/images/thumbnails/2942169.png","width":128,"height":128,"length":4684,"type":"png"},"folderId":null,"usages":["2301003703"]},{"id":"user-image-609116.png","publicUrl":"np://user.desktop.nicepage.com/Site_32482020/images/609116.png","size":11717,"hash":"71MrsfSkhSsztKGN0T3mGGO81hw=","fileName":"609116.png","name":"609116","width":128,"height":128,"thumbnail":{"url":"np://user.desktop.nicepage.com/Site_32482020/images/thumbnails/609116.png","width":128,"height":128,"length":11717,"type":"png"},"folderId":null,"usages":["2301003703"]},{"id":"user-image-7906489.png","publicUrl":"np://user.desktop.nicepage.com/Site_32482020/images/7906489.png","size":9369,"hash":"7FBxXZJWY4cgWQPeAR+mn5jcKyk=","fileName":"7906489.png","name":"7906489","width":128,"height":128,"thumbnail":{"url":"np://user.desktop.nicepage.com/Site_32482020/images/thumbnails/7906489.png","width":128,"height":128,"length":9369,"type":"png"},"folderId":null,"usages":["2301003703"]},{"id":"user-image-jkjukl.png","publicUrl":"np://user.desktop.nicepage.com/Site_32482020/images/jkjukl.png","size":68077,"hash":"y3qG7QbFlCXt8xzetK5Gs6+RXng=","fileName":"jkjukl.png","name":"jkjukl","width":800,"height":720,"thumbnail":{"url":"np://user.desktop.nicepage.com/Site_32482020/images/thumbnails/jkjukl.png","width":250,"height":225},"folderId":null,"originalUrl":"//images03.nicepage.com/c461c07a441a5d220e8feb1a/23d9857501965e9c94efaaca/jkjukl.png","usages":["2301003703"]},{"id":"user-image-reals.png","publicUrl":"np://user.desktop.nicepage.com/Site_32482020/images/reals.png","size":388775,"hash":"Wsrl8trCdlLjHzJt3hC24vaU/ms=","fileName":"reals.png","name":"reals","width":352,"height":576,"thumbnail":{"url":"np://user.desktop.nicepage.com/Site_32482020/images/thumbnails/reals.png","width":153,"height":250},"folderId":null,"usages":["265104091"]},{"id":"user-image-podcast1.png","publicUrl":"np://user.desktop.nicepage.com/Site_32482020/images/podcast1.png","size":141013,"hash":"5f5lAo8UfNHatYekm7ecEPeeyhA=","fileName":"podcast1.png","name":"podcast1","width":472,"height":427,"thumbnail":{"url":"np://user.desktop.nicepage.com/Site_32482020/images/thumbnails/podcast1.png","width":250,"height":226},"folderId":null,"usages":["265104091"]},{"id":"user-image-IMG_0003.jpg","publicUrl":"np://user.desktop.nicepage.com/Site_32482020/images/IMG_0003.jpg","size":3370113,"hash":"QAVHr7wWGVQwWpWzlFuniw5NeVg=","fileName":"IMG_0003.jpg","name":"IMG_0003","width":4032,"height":3024,"thumbnail":{"url":"np://user.desktop.nicepage.com/Site_32482020/images/thumbnails/IMG_0003.jpg","width":250,"height":188},"folderId":null,"usages":["265104091","12719153"]},{"id":"user-image-IMG_1136.JPG","publicUrl":"np://user.desktop.nicepage.com/Site_32482020/images/IMG_1136.JPG","size":326708,"hash":"aK93zvEiA2JClZjrDigz1EHF1Tk=","fileName":"IMG_1136.JPG","name":"IMG_1136","width":1478,"height":1108,"thumbnail":{"url":"np://user.desktop.nicepage.com/Site_32482020/images/thumbnails/IMG_1136.JPG","width":250,"height":187},"folderId":null,"usages":["265104091","12719153"]},{"id":"user-image-IMG_9962.JPG","publicUrl":"np://user.desktop.nicepage.com/Site_32482020/images/IMG_9962.JPG","size":510823,"hash":"y5IY2MDeRBI9wbYqxQiiD8OwuZ0=","fileName":"IMG_9962.JPG","name":"IMG_9962","width":1479,"height":1109,"thumbnail":{"url":"np://user.desktop.nicepage.com/Site_32482020/images/thumbnails/IMG_9962.JPG","width":250,"height":187},"folderId":null,"usages":["265104091","29849696","1516706266","27463454","98022677","496118172","938418989","26847270","499421910","36252966","1773426157","76859015","21499015","14205381","95979455"]},{"id":"user-image-10184706.png","publicUrl":"np://user.desktop.nicepage.com/Site_32482020/images/10184706.png","size":12097,"hash":"FetKf3KVmGQYkmsLzAOWoyX+MwQ=","fileName":"10184706.png","name":"10184706","width":128,"height":128,"thumbnail":{"url":"np://user.desktop.nicepage.com/Site_32482020/images/thumbnails/10184706.png","width":128,"height":128,"length":12097,"type":"png"},"folderId":null,"usages":["2625520583"]},{"id":"user-image-4300059.png","publicUrl":"np://user.desktop.nicepage.com/Site_32482020/images/4300059.png","size":6425,"hash":"KRQzZB7MN7lEzg1I9K5NbsGLZQc=","fileName":"4300059.png","name":"4300059","width":128,"height":128,"thumbnail":{"url":"np://user.desktop.nicepage.com/Site_32482020/images/thumbnails/4300059.png","width":128,"height":128,"length":6425,"type":"png"},"folderId":null,"usages":["2625520583"]},{"id":"user-image-2830462.png","publicUrl":"np://user.desktop.nicepage.com/Site_32482020/images/2830462.png","size":3848,"hash":"2P0opO1ng6EiMLLb6sB0QV+nL5s=","fileName":"2830462.png","name":"2830462","width":128,"height":128,"thumbnail":{"url":"np://user.desktop.nicepage.com/Site_32482020/images/thumbnails/2830462.png","width":128,"height":128,"length":3848,"type":"png"},"folderId":null,"usages":["2625520583"]},{"id":"user-image-e31a3a22-fe54-26a7-0b3d-bd6061d4fe83.jpg","publicUrl":"np://user.desktop.nicepage.com/Site_32482020/images/e31a3a22-fe54-26a7-0b3d-bd6061d4fe83.jpg","size":1080139,"hash":"T9mep4tBNjzIUotMzgpCu6fOeHY=","fileName":"e31a3a22-fe54-26a7-0b3d-bd6061d4fe83.jpg","name":"e31a3a22-fe54-26a7-0b3d-bd6061d4fe83","width":2316,"height":1235,"thumbnail":{"url":"np://user.desktop.nicepage.com/Site_32482020/images/thumbnails/e31a3a22-fe54-26a7-0b3d-bd6061d4fe83.jpg","width":250,"height":133},"folderId":null,"usages":["2625520583"]},{"id":"user-image-cff8061c-4958-c3d5-cd84-10d23c6ceded.png","publicUrl":"np://user.desktop.nicepage.com/Site_32482020/images/cff8061c-4958-c3d5-cd84-10d23c6ceded.png","size":50101,"hash":"w37uvWixc43SinFmXo7+YlP75mE=","fileName":"cff8061c-4958-c3d5-cd84-10d23c6ceded.png","name":"cff8061c-4958-c3d5-cd84-10d23c6ceded","width":894,"height":785,"thumbnail":{"url":"np://user.desktop.nicepage.com/Site_32482020/images/thumbnails/cff8061c-4958-c3d5-cd84-10d23c6ceded.png","width":250,"height":220},"folderId":null,"usages":["2625520583","93951"]},{"id":"user-image-f4e33793-0f5e-6db2-b7be-8dfc80ce3782.png","publicUrl":"np://user.desktop.nicepage.com/Site_32482020/images/f4e33793-0f5e-6db2-b7be-8dfc80ce3782.png","size":47853,"hash":"qXz5b0Dgbc0g3IcU34eiFELc7KA=","fileName":"f4e33793-0f5e-6db2-b7be-8dfc80ce3782.png","name":"f4e33793-0f5e-6db2-b7be-8dfc80ce3782","width":894,"height":438,"thumbnail":{"url":"np://user.desktop.nicepage.com/Site_32482020/images/thumbnails/f4e33793-0f5e-6db2-b7be-8dfc80ce3782.png","width":250,"height":122},"folderId":null,"usages":["14205381"]},{"id":"user-image-fcu.png","publicUrl":"np://user.desktop.nicepage.com/Site_32482020/images/fcu.png","size":69236,"hash":"6QU0phd9UHgoYnnxlaG1sCIj7jI=","fileName":"fcu.png","name":"fcu","width":666,"height":375,"thumbnail":{"url":"np://user.desktop.nicepage.com/Site_32482020/images/thumbnails/fcu.png","width":250,"height":141},"folderId":null,"usages":["2625520583","95979455","93951"]},{"id":"user-image-logo2.png","publicUrl":"np://user.desktop.nicepage.com/Site_32482020/images/logo2.png","size":242238,"hash":"1xgf4xdPjhvnkjo7MEx87xASMBw=","fileName":"logo2.png","name":"logo2","width":1080,"height":1080,"thumbnail":{"url":"np://user.desktop.nicepage.com/Site_32482020/images/thumbnails/logo2.png","width":250,"height":250},"folderId":null,"usages":["2625520583","93951"]},{"id":"user-image-Logo1.png","publicUrl":"np://user.desktop.nicepage.com/Site_32482020/images/Logo1.png","size":27225,"hash":"clhgo8em3VN+mM0RDs2RqBaUlv8=","fileName":"Logo1.png","name":"Logo1","width":500,"height":500,"thumbnail":{"url":"np://user.desktop.nicepage.com/Site_32482020/images/thumbnails/Logo1.png","width":250,"height":250},"folderId":null,"usages":["2625520583","93951"]},{"id":"user-image-8ebb71f1-de00-b6a5-d302-c49c8a8969fb.png","publicUrl":"np://user.desktop.nicepage.com/Site_32482020/images/8ebb71f1-de00-b6a5-d302-c49c8a8969fb.png","size":67861,"hash":"3drR+66Xjd5w4TAgfxSNwaPPTQ8=","fileName":"8ebb71f1-de00-b6a5-d302-c49c8a8969fb.png","name":"8ebb71f1-de00-b6a5-d302-c49c8a8969fb","width":500,"height":500,"thumbnail":{"url":"np://user.desktop.nicepage.com/Site_32482020/images/thumbnails/8ebb71f1-de00-b6a5-d302-c49c8a8969fb.png","width":250,"height":250},"folderId":null,"usages":["2625520583","499421910","93951"]},{"id":"user-image-logo-removebg-preview.png","publicUrl":"np://user.desktop.nicepage.com/Site_32482020/images/logo-removebg-preview.png","size":63770,"hash":"Rb1FNUMlzbbiYkLLSovBfdcvCdg=","fileName":"logo-removebg-preview.png","name":"logo-removebg-preview","width":500,"height":500,"thumbnail":{"url":"np://user.desktop.nicepage.com/Site_32482020/images/thumbnails/logo-removebg-preview.png","width":250,"height":250},"folderId":null,"usages":["2625520583","2301003703","29849696","1516706266","98022677","938418989","26847270","36252966","1773426157","76859015","21499015"]},{"id":"user-image-IMG_4329.JPG","publicUrl":"np://user.desktop.nicepage.com/Site_32482020/images/IMG_4329.JPG","size":304655,"hash":"psm4+sO1gnoSySACe2ZcHcdzwuQ=","fileName":"IMG_4329.JPG","name":"IMG_4329","width":1152,"height":768,"thumbnail":{"url":"np://user.desktop.nicepage.com/Site_32482020/images/thumbnails/IMG_4329.JPG","width":250,"height":167},"folderId":null,"usages":["2625520583","265104091","2310316634","93951"]}]