[{"id":246957804,"title":"Blog Template","order":1,"templateKey":"blog","customTemplate":false,"customTemplateFilename":null,"pageLinks":["6","5","4"],"dateCreated":"2023-12-04T11:12:25.189Z","dateUpdated":"2023-12-28T21:13:39.644Z","folderId":null,"pageName":"Blog Template","serverPageId":null,"sectionCount":1,"status":2,"backwardUrl":null},{"id":278927032,"title":"Post Template","order":2,"templateKey":"post","customTemplate":false,"customTemplateFilename":null,"pageLinks":[],"dateCreated":"2023-12-04T11:12:25.320Z","dateUpdated":"2023-12-04T11:12:26.636Z","folderId":null,"pageName":"Post Template","serverPageId":null,"status":2,"backwardUrl":null},{"id":987904391,"title":"Product List Template","order":3,"templateKey":"products","customTemplate":false,"customTemplateFilename":null,"pageLinks":[],"dateCreated":"2023-12-04T11:12:25.438Z","dateUpdated":"2023-12-04T11:12:26.637Z","folderId":null,"pageName":"Product List Template","serverPageId":null,"status":2,"backwardUrl":null},{"id":936919779,"title":"Product Details Template","order":4,"templateKey":"product","customTemplate":false,"customTemplateFilename":null,"pageLinks":[],"dateCreated":"2023-12-04T11:12:25.578Z","dateUpdated":"2023-12-04T11:12:26.637Z","folderId":null,"pageName":"Product Details Template","serverPageId":null,"status":2,"backwardUrl":null},{"id":318217241,"title":"Shopping Cart Template","order":5,"templateKey":"cart","customTemplate":false,"customTemplateFilename":null,"pageLinks":[],"dateCreated":"2023-12-04T11:12:25.698Z","dateUpdated":"2023-12-04T11:12:26.637Z","folderId":null,"pageName":"Shopping Cart Template","serverPageId":null,"status":2,"backwardUrl":null},{"id":770227684,"title":"Checkout Template","order":6,"templateKey":"checkout","customTemplate":false,"customTemplateFilename":null,"pageLinks":[],"dateCreated":"2023-12-04T11:12:25.861Z","dateUpdated":"2023-12-04T11:12:26.637Z","folderId":null,"pageName":"Checkout Template","serverPageId":null,"status":2,"backwardUrl":null},{"id":692419260,"title":"Login Template","order":7,"templateKey":"login","customTemplate":false,"customTemplateFilename":null,"pageLinks":[],"dateCreated":"2023-12-04T11:12:25.957Z","dateUpdated":"2023-12-04T11:12:26.637Z","folderId":null,"pageName":"Login Template","serverPageId":null,"status":2,"backwardUrl":null},{"id":156787548,"title":"Page Password Template","order":8,"templateKey":"password","customTemplate":false,"customTemplateFilename":null,"pageLinks":[],"dateCreated":"2023-12-04T11:12:26.031Z","dateUpdated":"2023-12-04T11:12:26.637Z","folderId":null,"pageName":"Page Password Template","serverPageId":null,"status":2,"backwardUrl":null},{"id":51120788,"title":"404 Not Found Template","order":9,"templateKey":"404","customTemplate":false,"customTemplateFilename":null,"pageLinks":[],"dateCreated":"2023-12-04T11:12:26.097Z","dateUpdated":"2023-12-04T11:12:26.637Z","folderId":null,"pageName":"404 Not Found Template","serverPageId":null,"status":2,"backwardUrl":null},{"id":231867658,"title":"Thank You Page Template","order":10,"templateKey":"ThankYou","customTemplate":false,"customTemplateFilename":null,"pageLinks":[],"dateCreated":"2023-12-04T11:12:26.155Z","dateUpdated":"2023-12-04T11:12:26.637Z","folderId":null,"pageName":"Thank You Page Template","serverPageId":null,"status":2,"backwardUrl":null},{"id":2625520583,"title":"Home","order":50,"templateKey":null,"customTemplate":false,"customTemplateFilename":null,"pageLinks":["2625520583","29849696","98022677","938418989","36252966","496118172","1516706266","27463454","26847270","21499015","95979455","499421910","14205381","1773426157","76859015"],"dateCreated":"2023-12-04T11:12:28.317Z","dateUpdated":"2024-01-05T11:50:37.368Z","folderId":null,"pageName":"Home_2625520583","serverPageId":null,"sectionCount":6,"status":2,"backwardUrl":null},{"id":11735647,"title":"文章","order":102,"templateKey":null,"customTemplate":false,"customTemplateFilename":null,"pageLinks":["2625520583","6"],"dateCreated":"2023-12-04T11:12:44.423Z","dateUpdated":"2024-01-05T07:25:56.625Z","folderId":null,"pageName":"文章_11735647","serverPageId":null,"sectionCount":3,"status":2,"backwardUrl":null},{"id":12719153,"title":"活動資訊","order":102.5,"templateKey":null,"customTemplate":false,"customTemplateFilename":null,"pageLinks":["2625520583"],"dateCreated":"2023-12-04T11:12:44.423Z","dateUpdated":"2024-01-05T07:44:51.376Z","folderId":null,"pageName":"活動資訊_12719153","serverPageId":null,"sectionCount":3,"status":2,"backwardUrl":null},{"id":2310316634,"title":"回顧","order":102.75,"templateKey":null,"customTemplate":false,"customTemplateFilename":null,"pageLinks":["2625520583","6"],"dateCreated":"2023-12-04T11:12:44.423Z","dateUpdated":"2024-01-05T07:27:58.673Z","folderId":null,"pageName":"回顧_2310316634","serverPageId":null,"sectionCount":3,"status":2,"backwardUrl":null},{"id":265104091,"title":"關於我們","order":105,"templateKey":null,"customTemplate":false,"customTemplateFilename":null,"pageLinks":["2625520583","12719153","213794425"],"dateCreated":"2023-12-28T20:39:13.410Z","dateUpdated":"2024-01-05T05:10:58.221Z","folderId":null,"pageName":"關於我們_265104091","serverPageId":null,"sectionCount":4,"status":2,"backwardUrl":null},{"id":2301003703,"title":"課程","order":106,"templateKey":null,"customTemplate":false,"customTemplateFilename":null,"pageLinks":["2625520583"],"dateCreated":"2023-12-28T21:26:58.235Z","dateUpdated":"2024-01-05T07:06:45.694Z","folderId":null,"pageName":"課程_2301003703","serverPageId":null,"sectionCount":3,"status":2,"backwardUrl":null},{"id":29849696,"title":"台大閱人","order":107,"templateKey":null,"customTemplate":false,"customTemplateFilename":null,"pageLinks":["2625520583"],"dateCreated":"2023-12-28T22:08:35.208Z","dateUpdated":"2024-01-05T07:07:39.342Z","folderId":null,"pageName":"台大閱人_29849696","serverPageId":null,"sectionCount":1,"status":2,"backwardUrl":null},{"id":21499015,"title":"台科閱人","order":107.000244140625,"templateKey":null,"customTemplate":false,"customTemplateFilename":null,"pageLinks":["2625520583"],"dateCreated":"2023-12-28T22:08:35.208Z","dateUpdated":"2024-01-05T07:09:05.998Z","folderId":null,"pageName":"台科閱人_21499015","serverPageId":null,"sectionCount":1,"status":2,"backwardUrl":null},{"id":1773426157,"title":"世新閱人","order":107.00048828125,"templateKey":null,"customTemplate":false,"customTemplateFilename":null,"pageLinks":["2625520583"],"dateCreated":"2023-12-28T22:08:35.208Z","dateUpdated":"2024-01-05T07:12:02.660Z","folderId":null,"pageName":"世新閱人_1773426157","serverPageId":null,"sectionCount":1,"status":2,"backwardUrl":null},{"id":26847270,"title":"中正閱人","order":107.0009765625,"templateKey":null,"customTemplate":false,"customTemplateFilename":null,"pageLinks":["2625520583"],"dateCreated":"2023-12-28T22:08:35.208Z","dateUpdated":"2024-01-05T07:23:11.708Z","folderId":null,"pageName":"中正閱人_26847270","serverPageId":null,"sectionCount":1,"status":2,"backwardUrl":null},{"id":27463454,"title":"中大閱人","order":107.001953125,"templateKey":null,"customTemplate":false,"customTemplateFilename":null,"pageLinks":["2625520583"],"dateCreated":"2023-12-28T22:08:35.208Z","dateUpdated":"2024-01-05T07:09:50.024Z","folderId":null,"pageName":"中大閱人_27463454","serverPageId":null,"sectionCount":1,"status":2,"backwardUrl":null},{"id":499421910,"title":"暨大閱人","order":107.00390625,"templateKey":null,"customTemplate":false,"customTemplateFilename":null,"pageLinks":["2625520583"],"dateCreated":"2023-12-28T22:08:35.208Z","dateUpdated":"2024-01-05T07:08:37.570Z","folderId":null,"pageName":"暨大閱人_499421910","serverPageId":null,"sectionCount":1,"status":2,"backwardUrl":null},{"id":14205381,"title":"元智閱人","order":107.0078125,"templateKey":null,"customTemplate":false,"customTemplateFilename":null,"pageLinks":["2625520583"],"dateCreated":"2023-12-28T22:08:35.208Z","dateUpdated":"2024-01-05T07:09:25.638Z","folderId":null,"pageName":"元智閱人_14205381","serverPageId":null,"sectionCount":1,"status":2,"backwardUrl":null},{"id":95979455,"title":"逢甲閱人","order":107.015625,"templateKey":null,"customTemplate":false,"customTemplateFilename":null,"pageLinks":["2625520583"],"dateCreated":"2023-12-28T22:08:35.208Z","dateUpdated":"2024-01-05T07:09:38.456Z","folderId":null,"pageName":"逢甲閱人_95979455","serverPageId":null,"sectionCount":1,"status":2,"backwardUrl":null},{"id":36252966,"title":"成大閱人","order":107.03125,"templateKey":null,"customTemplate":false,"customTemplateFilename":null,"pageLinks":["2625520583"],"dateCreated":"2023-12-28T22:08:35.208Z","dateUpdated":"2024-01-05T07:22:57.123Z","folderId":null,"pageName":"成大閱人_36252966","serverPageId":null,"sectionCount":1,"status":2,"backwardUrl":null},{"id":496118172,"title":"政大閱人","order":107.0625,"templateKey":null,"customTemplate":false,"customTemplateFilename":null,"pageLinks":["2625520583"],"dateCreated":"2023-12-28T22:08:35.208Z","dateUpdated":"2024-01-05T07:08:23.969Z","folderId":null,"pageName":"政大閱人_496118172","serverPageId":null,"sectionCount":1,"status":2,"backwardUrl":null},{"id":98022677,"title":"清大閱人","order":107.125,"templateKey":null,"customTemplate":false,"customTemplateFilename":null,"pageLinks":["2625520583"],"dateCreated":"2023-12-28T22:08:35.208Z","dateUpdated":"2024-01-05T07:23:36.929Z","folderId":null,"pageName":"清大閱人_98022677","serverPageId":null,"sectionCount":1,"status":2,"backwardUrl":null},{"id":938418989,"title":"交大閱人","order":107.25,"templateKey":null,"customTemplate":false,"customTemplateFilename":null,"pageLinks":["2625520583"],"dateCreated":"2023-12-28T22:08:35.208Z","dateUpdated":"2024-01-05T07:23:24.273Z","folderId":null,"pageName":"交大閱人_938418989","serverPageId":null,"sectionCount":1,"status":2,"backwardUrl":null},{"id":1516706266,"title":"師大閱人","order":107.5,"templateKey":null,"customTemplate":false,"customTemplateFilename":null,"pageLinks":["2625520583"],"dateCreated":"2023-12-28T22:08:35.208Z","dateUpdated":"2024-01-05T07:07:55.016Z","folderId":null,"pageName":"師大閱人_1516706266","serverPageId":null,"sectionCount":1,"status":2,"backwardUrl":null},{"id":76859015,"title":"東海閱人","order":107.75,"templateKey":null,"customTemplate":false,"customTemplateFilename":null,"pageLinks":["2625520583"],"dateCreated":"2023-12-28T22:08:35.208Z","dateUpdated":"2024-01-05T07:10:01.128Z","folderId":null,"pageName":"東海閱人_76859015","serverPageId":null,"sectionCount":1,"status":2,"backwardUrl":null},{"id":77655005,"title":"實習計畫","order":108,"templateKey":null,"customTemplate":false,"customTemplateFilename":null,"pageLinks":["2625520583"],"dateCreated":"2023-12-28T22:19:18.455Z","dateUpdated":"2024-01-05T07:03:18.802Z","folderId":null,"pageName":"實習計畫_77655005","serverPageId":null,"sectionCount":5,"status":2,"backwardUrl":null},{"id":3084607438,"title":"加入閱人","order":109,"templateKey":null,"customTemplate":false,"customTemplateFilename":null,"pageLinks":["2625520583"],"dateCreated":"2023-12-29T19:33:07.710Z","dateUpdated":"2024-01-05T07:50:16.681Z","folderId":null,"pageName":"加入閱人_3084607438","serverPageId":null,"sectionCount":1,"status":2,"backwardUrl":null},{"id":93951,"title":"各校閱人","order":110,"templateKey":null,"customTemplate":false,"customTemplateFilename":null,"pageLinks":["2625520583","938418989","36252966","496118172","1516706266","27463454","26847270","21499015","95979455","499421910","14205381","1773426157","76859015"],"dateCreated":"2023-12-29T19:40:29.078Z","dateUpdated":"2024-01-05T06:55:51.310Z","folderId":null,"pageName":"各校閱人_93951","serverPageId":null,"sectionCount":2,"status":2,"backwardUrl":null},{"id":894823099,"title":"理監事會暨秘書處","order":111,"templateKey":null,"customTemplate":false,"customTemplateFilename":null,"pageLinks":["2625520583"],"dateCreated":"2023-12-29T19:49:13.352Z","dateUpdated":"2024-01-05T06:56:05.460Z","folderId":null,"pageName":"理監事會暨秘書處_894823099","serverPageId":null,"sectionCount":4,"status":2,"backwardUrl":null},{"id":213794425,"title":"podcast","order":112,"templateKey":null,"customTemplate":false,"customTemplateFilename":null,"pageLinks":["2625520583"],"dateCreated":"2023-12-29T20:12:43.540Z","dateUpdated":"2024-01-05T06:39:56.410Z","folderId":null,"pageName":"podcast_213794425","serverPageId":null,"sectionCount":2,"status":2,"backwardUrl":null}]